Correct,Target,Result,Input Time (s)
1,water,water,2.7608535289764404
1,why,why,2.079664945602417
1,finish,finish,2.079054594039917
1,home,home,2.893988609313965
0,happy,please,3.512425661087036
1,happy,happy,6.787841558456421
1,open,open,3.001941204071045
0,rain,snow,2.151071786880493
0,rain,,10.002029180526733
1,cat,cat,2.9513397216796875
0,down,cat,2.545330047607422
1,down,down,5.222865343093872
1,sad,sad,4.2990922927856445
