Correct,Target,Result,Input Time (s)
1,water,water,2.322990894317627
1,why,why,1.2502739429473877
1,finish,finish,2.082852602005005
1,home,home,1.3061137199401855
1,happy,happy,1.3726356029510498
1,open,open,1.6318285465240479
1,rain,rain,1.2901663780212402
1,cat,cat,1.0964736938476562
1,down,down,1.2004480361938477
1,sad,sad,1.1675398349761963
