Correct,Target,Result,Input Time (s)
1,water,water,1.4609527587890625
1,why,why,0.9827563762664795
1,finish,finish,1.2802915573120117
1,home,home,1.275676965713501
1,happy,happy,1.1300780773162842
1,open,open,1.0931446552276611
1,rain,rain,1.2362875938415527
1,cat,cat,1.2007231712341309
1,down,down,1.0315866470336914
1,sad,sad,1.0756134986877441
